word	first_digraph	second_digraph
ABASH	DV	
ABOARD	OL	
ABOVE	A8	
ACE	MX	
ACHE	AE	
ACID	BN	
ACT	HE	
ACTIVE	FF	
ADD	GM	
ADHERE	GU	
ADVISE	D4	
AFT	LY	
AFTER	1B	
AGE	T2	
AIM	3J	
AIR	B2	
AISLE	EK	
ALERT	E7	
ALEX	DE	
ALIBI	FU	
ALIVE	GF	
ALL	J6	
ALP	PV	
ALTAR	4X	
AMBER	W3	
AMID		7S
AMONG	AP	
AMPLE	2W	
ANGLE	BT	
ANKLE	F/	
APART	N3	
APE	JT	
APPLE	/Y	
APPROVE	SK	
APRIL	5D	
ARBOR	KV	
ARCH	J1	
ARK	0P	
ARM	AO	
ASH	IV	
ASK	HU	
ASP		CF
ASSERT	ZJ	
ASSIST	6S	
ASSORT	Z2	
ASSET	LQ	
ATLAS	NH	
ATOM		EL
ATTEND	XL	
ATTIC	EF	
AUNT	OY	
AUTHOR	8F	
AUTO	BD	
AVERT	08	
AVOID	68	
AWAIT	7R	
AXE	L0	
BABE		V/
BACK		BD
BADGE		VU
BAG		3A
BAIT		W8
BAKE		3Y
BALD		28
BALK		2N
BALL		TY
BALM		2S
BAM	Y1	
BAN		4/
BAND		5K
BANDIT		2X
BANE		V8
BANG		ZE
BANK		ZD
BANKER		CE
BAR	RA	
BARB		A4
BARE		76
BARGE		19
BARK		24
BARN	1/	
BARON	KF	
BARTER	4A	
BASE		QR
BASIC		LW
BASIN		3R
BASIS		XR
BASTE		UD
BAT	UT	
BATCH	V5	
BATH		SM
BATTER	UD	
BATTLE	MG	
BAY		C7
BEAD	VA	
BEAK	TF	
BEAKER		KN
BEAL		1D
BEAM	RH	
BEAN	TE	
BEAST	15	
BEAVER	EZ	
BECKON	NT	
BED		BQ
BEEF		AB
BEER		QY
BEET	10	
BEETLE	XU	
BEFORE		GP
BEGAN		3Y
BEHIND		38
BEIGE	ZW	
BELONG		D3
BELL	56	
BELT		OU
BENCH		DA
BEND	OD	
BENT	GB	
BESIDE		B2
BEST	5A	
BET	BE	
BETTER	YE	
BEVEL	3S	
BICKER	SS	
BID	B0	
BIDE	MN	
BIG	DA	
BIKE	QN	
BILGE	XJ	
BILL	R/	
BILLET		F1
BILLION		I/
BILLOW		DT
BIND		SC
BINDER	WL	
BING	R2	
BIRCH	7F	
BIRD	CR	
BISHOP	47	
BITE	AV	
BITTER		K6
BLAB	DK	
BLACK	BO	
BLADE		GL
BLAME	8Q	
BLANCH		06
BLAND	QF	
BLANK	PF	
BLAST	CJ	
BLAZE	M8	
BLEACH	MN	
BLEAK	8J	
BLEAT	G6	
BLEED	/S	
BLEND	/G	
BLESS	AG	
BLIND	OR	
BLINK	PZ	
BLISS	5S	
BLISTER	WE	
BLITZ	BM	
BLOAT	28	
BLOB	9J	
BLOND	FN	
BLOOD	Q4	
BLOOM	R/	
BLOT	N0	
BLOTCH		ES
BLOTTER	D8	
BLOUSE	H4	
BLOW	4Q	
BLUE		RW
BLUFF	83	
BLUNT		D0
BLUR	R1	
BLURT		E2
BLUSH		9P
BOARD		11
BOAST		FE
BOAT	BS	
BOB	WU	
BOCK	/7	
BODE		E/
BOG		TD
BOIL	UL	
BOLD		N7
BOLT	WN	
BOMB	RQ	
BOND	PQ	
BONE	L5	
BONNET	M7	
BONUS		XB
BOO	F8	
BOOK	SI	
BOOM		1M
BOON		W5
BOOST		1R
BOOT		ZY
BOOTH	T9	
BORE	C7	
BOSH	N6	
BOSSY		J0
BOTCH	PF	
BOTH	HP	
BOTTLE		EC
BOTTOM	DY	
BOUGH		UL
BOUGHT	LH	
BOUNCE	9A	
BOUND		JQ
BOW	IS	
BOWL	JF	
BOXER	91	
BRAG	IA	
BRAID	3J	
BRAIN	LJ	
BRAIZE	P7	
BRAKE	00	
BRAN	HQ	
BRANCH	TW	
BRAND	O5	
BRANT		NP
BRASH	PO	
BRASS	4C	
BRAT	98	
BRAVE	NK	
BRAWL	88	
BRAWN		4G
BRAY		0D
BREACH		HA
BREAST	9N	
BREATH		YG
BREEZE		SY
BRENT		YP
BREW	2T	
BRIBE	K7	
BRICK		VP
BRIDE		WK
BRIDGET		YX
BRIEF		PZ
BRIG		LP
BRIGHT	36	
BRIM		WA
BRINE		67
BRING		XY
BRINK		94
BRISK		4M
BRITTLE		MH
BROACH		VC
BROAD		8W
BROGUE		4U
BROIL		9W
BROKE	JX	
BROKER		4Y
BRONX		45
BROOD		0K
BROOK	IG	
BROOM		0O
BROTH	Y8	
BROW	GQ	
BROWSE		5C
BRUISE	J1	
BRUNT		NL
BRUTE	74	
BUCK		ZN
BUD		6A
BUDGE	YH	
BUDGET		5I
BUFF	60	
BUGGY		0V
BUILD		5P
BUILDER		7G
BULB		6X
BULGE		09
BULK		5X
BULL	/K	
BUM		02
BUMP	Y/	
BUN	64	
BUNCH	/0	
BUND	R/	
BUNDLE	01	
BUNK	/X	
BUNT		84
BURKE	/3	
BURN	9G	
BURR	/9	
BURST		6N
BUS	99	
BUSH	8B	
BUSHY	0C	
BUTTON	2E	
CAB	2B	
CAD	2U	
CACHE		4K
CAGE		UW
CAKE		5F
CALF		49
CALL		7M
CALLER		52
CALM		T/
CAMP	DP	
CAMPER	TM	
CAN		SQ
CANCEL		5N
CANDID		64
CANDLE		69
CANE	N9	
CAP	3F	
CAPE		XR
CAPER		1Y
CAR	1/	
CARD	16	
CARE	V8	
CARP		7D
CARPET		5V
CART	KR	
CARVE	RJ	
CASH	59	
CASK	8E	
CAST	29	
CAT	1A	
CATCHER		6F
CATTLE		XG
CAUGHT	X/	
CAVE	7A	
CAW	UG	
CEASE		ZQ
CEDAR	DR	
CHAFF	T3	
CHAIN	KW	
CHAIR	MH	
CHALK	/1	
CHAMP	88	
CHANCE		6M
CHANGE	R5	
CHANT	GJ	
CHAP	G/	
CHAR	FI	
CHARD	68	
CHARGE	JD	
CHARM	RD	
CHART	BB	
CHASE	MT	
CHASTE	80	
CHAT	DY	
CHATTER	3V	
CHEAP	CL	
CHEAT	/Z	
CHECK		KI
CHECKER		HN
CHEEK	B/	
CHEER	GA	
CHEESE		8V
CHEF	/4	
CHERRY		EH
CHESS	CG	
CHEST	XL	
CHEW		/F
CHICK	ZP	
CHICO	XB	
CHIDE		T3
CHILD	5H	
CHILL	6L	
CHIME	GW	
CHIN	F8	
CHINK		QW
CHINTZ		H6
CHIP	VK	
CHIPPER	/J	
CHIRP	K0	
CHIT	AH	
CHIVE	UN	
CHOCK		6W
CHOIR		IT
CHOKE	IO	
CHOOSE	TJ	
CHOP	M3	
CHOSE	VP	
CHROME	FD	
CHUCK	M/	
CHUCKLE		OB
CHUG	D7	
CHUM	AR	
CHUNK		L3
CHURL	9D	
CHURN	YR	
CHUTE	2H	
CINDER	PZ	
CIRCUS	O0	
CIVIC		IH
CLACK		BA
CLAD		DM
CLAIM	43	
CLAM	12	
CLAMP	HJ	
CLAN	A0	
CLANG		07
CLANK		QN
CLAP	RH	
CLARK	63	
CLASH		B5
CLASP	27	
CLASS	00	
CLAUSE		NZ
CLAW	/G	
CLAY	U5	
CLEAN	LR	
CLEAT	FI	
CLEFT	K/	
CLENCH	KK	
CLERK	AT	
CLEVER		WE
CLICK		JU
CLIFF	1R	
CLINCH		VX
CLINK	EM	
CLIP		I4
CLIQUE	T5	
CLOAK		TJ
CLOCK	VC	
CLOD	B4	
CLOSE		7L
CLOT	VE	
CLOTH	33	
CLOUD	EH	
CLOUT	/V	
CLOWN		7Z
CLUB		0M
CLUCK		5R
CLUE	Q9	
CLUMP	OI	
CLUTCH	1G	
COACH	8X	
COAL	51	
COAST	U4	
COAT	87	
COAX	L7	
COB		
COBRA	KQ	
CODE	UH	
COIL	7L	
COIN		9L
COKE	RT	
COLD	RX	
COLIC	JQ	
COLOR		9E
COLT	BU	
COME	R8	
COMET	J/	
COMMIT	K4	
COMMON	8R	
CONCEAL	I9	
CONE	99	
COOK	1B	
COOL	/A	
COOP		9H
COP		04
COPE	QF	
CORAL	8Z	
CORD	5E	
CORE	O2	
CORK	/S	
CORN	UT	
CORPSE		9Q
COT	VP	
COTTON	QI	
COUCH	P4	
COUGH	LB	
COUNT	VW	
COUPE	OB	
COURT	VZ	
COVE	SI	
COVER	OI	
COW	ZB	
COWL	Z2	
COY	YQ	
COZY	PJ	
CRAB	PO	
CRACK		0T
CRADLE	G2	
CRAFT	CU	
CRAG	MD	
CRAM	SM	
CRAMP		MM
CRANK	RH	
CRASH		0F
CRATE	X5	
CRAVE	TA	
CRAWL	4H	
CRAZE		6C
CREAM	SM	
CREASE		01
CREDIT		79
CREED		QE
CREEK		SW
CREEP	OQ	
CRESS		6J
CREST		0X
CREW		56
CRIB		9B
CRIME	ZH	
CRIMP	9E	
CRINGE		XL
CRISP		32
CROCK	P6	
CRONE		XU
CROON	Q9	
CROP	QU	
CROTCH		9Q
CROW	/P	
CROWD		9U
CRUDE	NY	
CRUISE	WY	
CRUMB		0B
CRUSH	NJ	
CRUST	/V	
CRUTCH		8H
CRYPT		S/
CUDDLE		61
CUFF		9Y
CULT		90
CURB	QJ	
CURL		0T
CURSE		93
CURVE	Z4	
CUSS	YB	
CUT		RY
CYST	8J	
CUTTER		0J
CZAR	74	
DAB		X8
DAD		3B
DAFT		X4
DALE		YZ
DAME		A7
DAMP		YS
DAMPER		XJ
DAN	M2	
DANCE	4W	
DANCER		TW
DANDY	50	
DANK		R5
DARE		WR
DARK	00	
DART		NE
DASH	2J	
DASHER	2Q	
DATA	26	
DATE	P6	
DAUB		VK
DAUNT		IW
DAWN	EE	
DAY		B8
DAZE	19	
DEACON	5V	
DEAD	G9	
DEAF	B1	
DEAL	30	
DEALER		KL
DEAN		1W
DEATH	1P	
DEB	YJ	
DEBIT	CL	
DEBT	TF	
DECK	85	
DECOY	W4	
DEED	KG	
DEEM	V3	
DEEP	BU	
DEER		JJ
DEFECT		HU
DEFEND		F6
DEFT	B2	
DEFY	Z1	
DELL	A0	
DELVE	DC	
DEN		FP
DENSE	IW	
DENT	DN	
DENY	AJ	
DEPART	LP	
DEPTH	KB	
DESIGN	DL	
DESIRE		GF
DESK	7D	
DESTROY	38	
DETAIN		XQ
DETRACT	U0	
DEUCE	NI	
DEVICE	CH	
DEVOTE	YL	
DICE	I7	
DIG	XF	
DIKE	B6	
DILL	W0	
DIM	F8	
DIME	R8	
DIN	/0	
DINE	A2	
DING	RV	
DIP	QY	
DIRE	WB	
DIRGE		QU
DIRT	BO	
DISK	BE	
DITCH	JL	
DIVE		PU
DIVER		18
DIVIDE	G2	
DOCK	TS	
DODGE		CT
DODGER	OG	
DOILY		7V
DOLE	3B	
DOLT	D6	
DOME		F3
DONE	7Y	
DOOM	24	
DOOR		9W
DOPE		RP
DORY	ZS	
DOSE	UP	
DOT	OW	
DOTE	UG	
DOUBT	3E	
DOUGH	81	
DOUSE	PX	
DOVE	2/	
DOWN		QA
DOZE	Y4	
DRAB	22	
DRAFT	H1	
DRAG	CF	
DRAIN	6S	
DRAKE	VN	
DRAM		LH
DRANK	/P	
DRAPE	0L	
DRAUGHT	O7	
DRAW	HG	
DRAWL	GL	
DRAWN		WV
DRAY	N3	
DREAD		WI
DREAM	W6	
DREDGE	4D	
DRENCH	11	
DRESS	FL	
DRIFT		AE
DRILL	RJ	
DRINK	JB	
DRIP	T7	
DRIVE	51	
DROLL		VU
DRONE	QR	
DROOP	K1	
DROP	U2	
DROVE		OZ
DROWN	Y0	
DROWSE	FX	
DRUDGE		LS
DRUG	MA	
DRUM		ZD
DRUNK		ZH
DRY		ZQ
DUB	Q2	
DUCT	QQ	
DUD	ZS	
DUFF	U9	
DUKE	ZV	
DULL	UL	
DUMB	T8	
DUMP	96	
DUN		PJ
DUSK	0G	
DUSTY	3U	
DUTY	79	
EACH	KR	
EAR	NN	
EARL		GO
EARN	5N	
EARTH	4R	
EASE	6U	
EAST		7P
EASTER	5X	
EAT		J7
EAVES	Q4	
EBB	W7	
ECHO	LL	
EDGE	LZ	
EDIT	Q/	
EEL	H7	
EAGER		TQ
EGG	D9	
EKE	Q6	
ELATE		MQ
ELECT		KL
ELF		HK
ELK	HS	
ELSE	PR	
ELVE	G7	
EMPTY		FV
ENCHANT		NJ
END	6E	
ENTER		XM
ENTIRE		HX
ENTRY	V3	
ENVY	P0	
EQUAL	VQ	
ETCH	M2	
EVE	CR	
EVEN	NJ	
EVENT	VH	
EXACT	M3	
EXERT	SU	
EXPEND		OT
EXPERT		PN
EXTORT	CJ	
EYE	02	
FABRIC	ES	
FACE	75	
FACT	2Q	
FAD		3X
FADE		2U
FAIN	VM	
FAINT		KC
FAITH	40	
FAKE	Y6	
FAKER		2U
FALL	6S	
FALSE	ID	
FALTER	22	
FAME	C0	
FAN	//	
FANCY	29	
FANG	VY	
FAR	G8	
FARCE	41	
FARM	6X	
FARMER		TU
FAST	6I	
FASTER	13	
FAT	2Q	
FATAL	KD	
FATE	EJ	
FAULT	85	
FAUST	DX	
FAVOR	UJ	
FAWN	91	
FEAR	J2	
FEAST	ZL	
FEE	XN	
FEED		AG
FEEL		AZ
FEET	WS	
FEIGN		1U
FELL	1N	
FELT	UR	
FEND	DE	
FENDER		JN
FERN	JG	
FETCH	0/	
FEUD	F9	
FEW	V5	
FEZ	E3	
FIDO	B/	
FIELD	AJ	
FIERCE	E9	
FIFE	MY	
FIFTH		9G
FIG	19	
FIGHT	A4	
FILCH	TU	
FILE		9T
FILL	4J	
FILM	FY	
FILTH	4J	
FIN	SQ	
FINCH	U7	
FIND	89	
FINDER		IK
FINE	RN	
FIRE	DQ	
FIRM	8T	
FIRST		SK
FISH		4S
FIST	FG	
FIT	7/	
FIVE	2U	
FIX		A8
FIXED		G3
FLAG	BH	
FLAIL		LD
FLAK	KT	
FLAKE		JY
FLAM	//	
FLAME		BO
FLANGE	C0	
FLANK	6H	
FLAP	QM	
FLARE	P9	
FLASH		YY
FLASK		YQ
FLAT	HD	
FLAW		3F
FLAX	/M	
FLAY	ID	
FLECK		XW
FLED	MM	
FLEDGE	SH	
FLEECE	1L	
FLEET	I2	
FLESH	EA	
FLEX	GI	
FLEY	LO	
FLICK	L8	
FLIGHT	PM	
FLINCH		8M
FLING	TC	
FLINT	HX	
FLIP	1I	
FLIRT	NB	
FLIT	R3	
FLOAT		6T
FLOCK	LO	
FLOG	H1	
FLOOD		7H
FLOOR	KX	
FLOP	NR	
FLOSS	5E	
FLOUNCE	M6	
FLOW	S5	
FLOWN	92	
FLUFF		AL
FLUID		PR
FLUKE	PY	
FLUNG	WJ	
FLUNK		8T
FLUSH	L8	
FLUTE		K5
FLUX	N9	
FLY	IJ	
FOAM	F5	
FOE	XX	
FOG	BQ	
FOIL	P0	
FOLD	KH	
FOLDER	J8	
FOLK		3M
FOLLOW	I4	
FOND		OL
FOOD		62
FOOL	D2	
FOOT		0H
FORCE	G1	
FORD	21	
FORGE	JM	
FORK		HP
FORM	LB	
FORMAL	M/	
FOUL	/6	
FOUND		X3
FRAME	44	
FRANK		X0
FRAUD	YI	
FRAY	XE	
FREAK	YN	
FRED		UR
FREE	O5	
FRESH	9K	
FRET	V7	
FRIGHT		T5
FRILL		UW
FRISK	U3	
FRITZ	OW	
FROCK	PA	
FROG	MV	
FROM	OU	
FRONT	X8	
FROST	Z/	
FRUIT		VX
FUDGE	7H	
FULLER		WM
FUME	W8	
FUN	W8	
FUND	VG	
FUR	UF	
FUSE	0S	
FUSS	2M	
FUZZ	77	
GAB		BY
GAG	1K	
GAGE		08
GAIN		HC
GAL		G7
GALL		B4
GALLANT		IU
GALLOP	4V	
GAME	UC	
GAP		L5
GARB		QT
GARTH		RE
GAS		QD
GASH		C8
GASP		EX
GATE		RV
GAUNT		R7
GAY		SU
GAZE	DB	
GEAR	PW	
GEM	L2	
GENDER	NB	
GENTLE		II
GERUND		GD
GET		TG
GHOST	A7	
GHOUL		T2
GIDDY	4B	
GIFT	G2	
GIG		QI
GIGGLE	4I	
GILL	98	
GIMP		CP
GIN	PD	
GIRD	B9	
GIRDER		LV
GIRL		Q5
GIST		I5
GIVE	3R	
GLANCE	BO	
GLAND	13	
GLARE	FP	
GLASS	30	
GLAZE	I2	
GLEAM	QO	
GLEE	HO	
GLEN	BA	
GLIB	HZ	
GLIDE	N8	
GLIDER		AV
GLINT	JE	
GLITTER	UO	
GLOAT	XK	
GLOBE		BB
GLOOM	/Q	
GLORY	HD	
GLOSS	3E	
GLOVE	OT	
GLOW	AT	
GLUM	IR	
GLUT	QC	
GNAW	GM	
GO	D9	
GOAL	B6	
GOAT	65	
GOB		DF
GOLD	DM	
GOLF	GI	
GONG	P7	
GOOD	TI	
GOOSE	ME	
GORGE	NM	
GOUGE	VM	
GOWN	5K	
GRACE	X4	
GRAB	/F	
GRADE	C8	
GRAFT	ID	
GRAIN	WL	
GRAM	EW	
GRAMMAR	SD	
GRAND	VB	
GRANT	7T	
GRAPE	6P	
GRAPH	S7	
GRASP	LA	
GRASS	6F	
GRATE		MT
GRAVE	AA	
GRAY	KN	
GRAZE	CB	
GREASE	GV	
GREAT	71	
GREED	WD	
GREEK		SW
GREEN	29	
GREET	ZD	
GREW	1C	
GRIDDLE	Z5	
GRIEF	GE	
GRILL	YO	
GRIM	RC	
GRIME	O/	
GRIND		AC
GRINDER		LI
GRIP	MU	
GRIPE	FE	
GRIT	53	
GROAN		D5
GROG	9T	
GROOM	8Q	
GROOVE		OF
GROPE	9G	
GROSS	85	
GROUND		MG
GROVE		BW
GRUB	NI	
GRUDGE	OO	
GRUFF	IU	
GRUNT		PV
GUARD		NQ
GUESS	7X	
GUEST	N6	
GUIDE	RI	
GULF	U5	
GULL	2V	
GULP		UJ
GUM	U8	
GUN	0A	
GUNNER	0V	
GUSH	8C	
GUY	2F	
HACK		BV
HAD		R6
HAG		S7
HAIR		SP
HALF		TB
HAM		SB
HAMPER		A3
HAND		JV
HANG	WO	
HAPPY		B5
HARK	B9	
HARM	P3	
HARP	PQ	
HARSH	8K	
HASH		O7
HASTE	FH	
HASTY		OX
HAT	TO	
HATCH	5B	
HATE	AM	
HAUL	BQ	
HAUNT		H8
HAVE	GV	
HAVEN	/8	
HAWK	E3	
HAZE	FA	
HEAD	FA	
HEAL	LI	
HEALTH	4F	
HEAP	CN	
HEAR	4V	
HEARSE	CM	
HEART	70	
HEARTH	F2	
HEAT	69	
HEATER	M9	
HEAVEN	RQ	
HECK	RK	
HEDGE	MH	
HEED	BR	
HEEL	B4	
HELM	T7	
HELP	JP	
HELPER	QQ	
HEM	GP	
HEMP		DV
HEN	2P	
HER	1A	
HERB		BJ
HERD		HV
HICK		FJ
HIGH	5Q	
HIKE	B4	
HILL	2Q	
HILT	1X	
HIND	DI	
HINGE	IM	
HINT		EB
HIP	W8	
HIRE	I8	
HIT	J5	
HITCH	YI	
HIVE	QV	
HOARD		ET
HOAX	CW	
HOB	M2	
HOBBY		KK
HOCK	GC	
HOG	YT	
HOLD	H6	
HOLDER	O3	
HOLLY	B8	
HOLY	PK	
HONEY		77
HOOD	42	
HOOF	LF	
HOOK	VX	
HOOP	3N	
HOOT	57	
HOP	XQ	
HOPE	VE	
HORDE	CW	
HORN	3K	
HORSE	9D	
HOSE	TD	
HOST	94	
HOT	92	
HOUND	LM	
HOUSE	8X	
HOWL		LQ
HUFF		LP
HUG		LR
HULK	Z2	
HULL	90	
HUM		M7
HUMBLE	NZ	
HUMOR	WR	
HUMP		NX
HUNCH	70	
HUNG	RP	
HUNT	QK	
HURL	7Q	
HURT	ED	
HUSH	NG	
HUT	2C	
ICE	BJ	
IDOL	EY	
ILL	J2	
IMAGE	Q8	
IMP	73	
IMPACT	CQ	
IMPAIR	HK	
IMPEL	H9	
IMPORT	SO	
INCH	LZ	
INCUR		7Q
INDENT		BS
INDUCT	6T	
INJURE	5M	
INK	NQ	
INSERT	KG	
INSTALL	OA	
INSTANT	FR	
ITCH	AK	
INTEND	D7	
JAB	G9	
JACK		O9
JADE	BW	
JAG		RA
JAIL	QL	
JAM	JW	
JAN	HA	
JANGLE	1H	
JAP	7E	
JAR	5/	
JAUNT	4N	
JAW		LA
JAY	2S	
JAZZ	A2	
JEAN	S2	
JEEP	D3	
JEER	FK	
JERK	FV	
JEST	A1	
JESTER	6Z	
JET		JE
JIB		EV
JIBE	DD	
JIGGER	M6	
JIGGLE	Q3	
JILL	LI	
JIM	KU	
JINGLE		J3
JINX	G/	
JIVE		OM
JOAN	C/	
JOB	TB	
JOCKEY	VT	
JOE		QF
JOINT	84	
JOKER	DJ	
JOIST		NG
JOLT	OA	
JONES	N1	
JOSH	FY	
JOT	LY	
JOWL	/1	
JUG	L2	
JUGGLE	MJ	
JUICE	J9	
JULEP	QQ	
JUMP	Q3	
JUMPER	5W	
JUNE	9X	
JUNK	QF	
JUST	8G	
JUTE	YZ	
KEATS	DU	
KEEL	DL	
KEEN	BD	
KEEP	X0	
KEEPER	ND	
KENNEL	5X	
KEPT	UX	
KETTLE	6/	
KEY	E/	
KICK	GG	
KICKER	11	
KID	AS	
KILL	JK	
KILT	MZ	
KIN	CV	
KIND	SO	
KINDLE		MN
KINK	HR	
KIPPER	Q9	
KISS		AQ
KIT	M1	
KITE	7J	
KNACK	IP	
KNAVE	76	
KNEE	DS	
KNIFE	7J	
KNIT	CD	
KNOCK	QT	
KNOLL	2N	
KNURL	2N	
LABEL		BZ
LABOR		YF
LACE	YN	
LACK	WL	
LACQUER	ME	
LAD	P6	
LADDER	BL	
LAG	P7	
LAIR	VL	
LAKE	RL	
LAMB	KC	
LAME	1F	
LAMP	EM	
LANCE		TV
LAND	YR	
LANE	8X	
LANK	HH	
LANKY	/U	
LAP	KA	
LARD	X7	
LARGE	OV	
LASH	3C	
LASS	3C	
LAST	A9	
LATCH		E5
LATHE	GI	
LATHER	XY	
LATIN	7Y	
LAUGH	BG	
LAUNCH	EE	
LAVA	QQ	
LAW	UU	
LAWN	AX	
LAX	BP	
LAY	KH	
LEAD	EN	
LEAF		C5
LEAGUE	C6	
LEAK	AG	
LEAN	DX	
LEAP	MX	
LEARN	16	
LEASE	V7	
LEAVE	UQ	
LEDGE	TR	
LEDGER	OC	
LEE	H8	
LEECH	L/	
LEFT	WG	
LEG	TI	
LEGAL		CA
LEND	QT	
LENGTH	/K	
LENS	UE	
LENT	BL	
LESS		AI
LET	S0	
LETTER	5B	
LEVER	AM	
LICK		FL
LID		IH
LIE	XD	
LIFE	8M	
LIFT	5S	
LIGHT	EV	
LIKE	IV	
LILAC	BQ	
LILT		CQ
LIMB	GK	
LIME	FI	
LIMIT		EK
LIMP	VQ	
LINE	26	
LINK	00	
LINN	2G	
LIP	B/	
LISP	7V	
LIST	SY	
LISTEN		DK
LIVE	G3	
LOAF	5U	
LOAN	K8	
LOATH	HT	
LOBE	ZT	
LOCK	CL	
LOCKET		PD
LODGE		FU
LOFT	Z9	
LOG	MJ	
LOIN	K3	
LONE	4B	
LONG	NU	
LOOK	WT	
LOOM	R2	
LOOP	31	
LOOSE	NL	
LOOT		NT
LOP		IY
LORD	8Z	
LORE	M8	
LOSE		PP
LOSS		UP
LOST	7U	
LOT	0O	
LOUNGE	VJ	
LOUT	ZM	
LOVE	YQ	
LOW		TK
LOYAL	8/	
LUBBER		OS
LUCKY	Y5	
LUG	WL	
LUKE	QL	
LULL	9L	
LUMBER	U7	
LUMP	LT	
LUNCH		UK
LUNG		XV
LUNGE		VC
LUNT	XK	
LURCH	XA	
LURK	V7	
LUSH	U2	
LUST	V6	
LUTE	9/	
LUX	8D	
MAC	JO	
MACE	B8	
MAD	UA	
MAGNET	IQ	
MAJOR	WV	
MAKE	P2	
MALT	99	
MANGE	ZW	
MANNER	7V	
MANTLE	RI	
MAP	YM	
MAR	W5	
MARCH	25	
MARE	ZR	
MARGE	YB	
MARK	40	
MARKER		HM
MARKET	O2	
MARSH	6I	
MART	A9	
MASH	ZY	
MASS		ZK
MAST	XF	
MASTER	LD	
MAT	/N	
MATCH	46	
MATE	DG	
MATH		BI
MATTER	62	
MAX		KY
MAY	B7	
ME	GR	
MEAD	J1	
MEAL	5G	
MEAN	JA	
MEEK	CD	
MEET	UU	
MELT		E7
MEMBER	KJ	
MEN		FG
MEND	BV	
MENTAL		DO
MERCY	GH	
MERGER	IN	
MERIT	71	
MESH	KM	
MESS	V7	
METAL	I/	
METHOD	TL	
MICE	CY	
MIDGET		AD
MIDST	BB	
MIFF	/3	
MILE	9P	
MILK	AD	
MILL	EX	
MILLER	AI	
MIMIC	71	
MINCE	U9	
MIND	41	
MINE		FX
MINGLE	QT	
MINK	EJ	
MINT	JH	
MIRE	P1	
MIRTH	BQ	
MISS	N/	
MIST	25	
MITE	B3	
MIXER		BT
MOAN	7M	
MOAT	5/	
MOCK	4E	
MODEL	FM	
MODERN	L3	
MODEST		NK
MOIST	71	
MOLE	PC	
MOLL	OK	
MONK		EG
MONTH	QH	
MOOD	83	
MOON	SH	
MOOR		NW
MOOSE	OE	
MOOT	QJ	
MOP	MV	
MORE	K9	
MORBID	J9	
MORE	97	
MORGUE		TE
MORSE		MU
MORT	QC	
MOSS	WZ	
MOST	VL	
MOTH	W9	
MOTOR	IK	
MOUND	X8	
MOUNT	9B	
MOURN	X6	
MOUSE	T9	
MOUTH	84	
MOVE	/C	
MOWER	H0	
MUCH	BO	
MUD		YH
MUFF		MB
MUG	QA	
MULE	IG	
MULL	X7	
MUM	NW	
MUMPS		SJ
MUNCH		WG
MURK	TT	
MUSH	SV	
MUSS		VI
MUST	U4	
MUSTY	UY	
MUTE		PH
MUTT	QW	
MUTTER	Y3	
MY	WE	
MYTH	WC	
NAB	DR	
NAG	EG	
NAIL	M3	
NAME	AN	
NAP	ST	
NAPE	QO	
NARROW	H6	
NATION	D2	
NATIVE	ZF	
NEAR		AO
NEAT	KT	
NECK	BR	
NEED	A3	
NEEDLE	GR	
NERVE	GY	
NEPTUNE	IQ	
NESTLE	I3	
NET	3T	
NEVER	GQ	
NEWS	BO	
NEXT	GK	
NIBBLE		TT
NICE	K3	
NICHE	ZE	
NICK	RY	
NIECE	LT	
NIGH		M5
NIGHT	59	
NIL		OH
NIMBLE		GI
NINE	9U	
NIP	V9	
NIX	NN	
NOBLE	K9	
NOCTURN	N2	
NOD	RB	
NOODLE	B3	
NOOK	TT	
NOON	NO	
NOOSE	OI	
NOR	L7	
NORDIC	E2	
NORM	F7	
NORMAL		ZB
NORSE		N5
NORTH	7P	
NOTCH		UH
NOTE		MI
NOTION	L6	
NOUN	V0	
NOW	Y9	
NUB	Y3	
NUDE	YV	
NUDGE	H3	
NULL	P7	
NUMB	V9	
NURSE	J8	
NUT	QZ	
NUZZLE	2G	
OAK	B6	
OAR		1/
OAT	6C	
OATH	ER	
OBEY	JC	
OBLIGE	4T	
OBSCURE	DI	
OBTAIN	7M	
ODD	CT	
ODE		J5
ODOR	54	
OF	A/	
OFFEND	6Y	
OFFICE	7X	
OFT	9I	
OIL	QZ	
OLD	A8	
OMEN		EM
OMIT	M4	
ON	AW	
ONCE	G5	
ONE	7M	
ONLY	DD	
OPEN	J8	
OOZE	FW	
ORAL		1K
ORB	9Y	
ORBIT	HW	
ORCHID	LN	
ORE	15	
ORNATE	GR	
ORPHAN		ML
OTHER	72	
OUGH	NS	
OUGHT	1G	
OUNCE	YE	
OUST	23	
OUT	2W	
OVAL	2F	
OVER	Q6	
OWE		CW
OWN		CI
OWNER	Q6	
OX	21	
PACE	10	
PACK		N0
PACKER		YK
PAD		YU
PADRE		LE
PAID	US	
PAIN		X8
PAINT		YL
PAL		Y7
PALE		ZA
PALLID		ZG
PALM		BN
PALMIST		ZL
PAMPUS	XH	
PAN		2A
PANDA		QL
PANG		HY
PANIC	49	
PANT		F7
PANTHER		TO
PANTRY		Z7
PAPER		ZX
PAR		1H
PARCEL		V5
PARDON		KE
PARENT		FO
PARK	6V	
PARROT		1T
PARSON		1E
PART	5L	
PARTNER	Q0	
PARTY		JC
PASS		JI
PASSAGE		1Z
PAST	KZ	
PASTE	DF	
PASTEL		Q8
PASTURE		I3
PAT	U2	
PATCH	L1	
PATH		GY
PATROL	H0	
PATRON	KA	
PATTER	CO	
PAUSE	6B	
PAVE	R7	
PAW	V4	
PAWN		JX
PAY		IC
PEACH		G5
PEAK	VQ	
PEAL	UA	
PEARL	BP	
PECAN		DJ
PECK	/R	
PEEP		G3
PEG	BQ	
PELLET	DQ	
PELT	IM	
PEN	XV	
PERCH	2R	
PERFUME	1I	
PERK	C2	
PERSIST		OJ
PERTAIN	MD	
PEST	6K	
PESTER	FZ	
PET	I7	
PETAL	ND	
PHASE	0N	
PHONE	P3	
PICK	A6	
PIE	X/	
PIG	ZW	
PILE	PG	
PILL	AN	
PILOT	ML	
PIN	42	
PINCH	2K	
PINK	PQ	
PINT	RU	
PIP	7T	
PIPE	ET	
PIRATE	T4	
PISTON		PK
PIT	N6	
PITCH		AH
PITY	7C	
PLACE	5Y	
PLAID	MA	
PLAGUE	S/	
PLAID	DO	
PLAN	3/	
PLANET	RM	
PLANK		TZ
PLANT	2Z	
PLANTER	B6	
PLATE	L4	
PLAY	T6	
PLAYER	WV	
PLEA	YQ	
PLEAD	ZA	
PLEASE	QE	
PLEDGE	HC	
PLIGHT	NE	
PLOD	SG	
PLOP	KQ	
PLOW	K4	
PLUCK	I4	
PLUG	5A	
PLUME	WI	
PLUMP	2E	
PLUNGE	XQ	
PLUNGER		FT
PLUNK	TG	
PLUS	8N	
POACH	XA	
POCK	WO	
POCKET		VT
POD	M3	
POEM	2I	
POET	2L	
POISE	F3	
POKE	YQ	
POKER		WD
POLE	R2	
POLKA	RM	
POLO	2R	
POND	MW	
POOL	QQ	
POP	JO	
POPPY	T7	
PORCH	78	
PORK		XO
PORT	2V	
POSE	VJ	
POST	V/	
POSTAL	Y6	
POSTER	2Z	
POT	3D	
POUND	GB	
POUT	X3	
POWER	3G	
POX	LJ	
PRAISE	3L	
PRANCE	W7	
PRANK	J4	
PRAY	93	
PREACH	C7	
PREDICT	5Q	
PREFER	3U	
PRESS	35	
PRETTY	3Z	
PRICE	9M	
PRIDE	OL	
PRIEST	GO	
PRIM	72	
PRIME	34	
PRINCE	37	
PRINT	QR	
PRIZE	YG	
PROBE	K6	
PROD	RV	
PROF	VW	
PROFIT	RZ	
PROJECT	4E	
PROM	PC	
PROMPT	PX	
PRONE	TV	
PROOF	MZ	
PROP	UM	
PROSE	SU	
PROTEST	46	
PROUD	8Y	
PROVE	SN	
PROVOKE	52	
PROWL	9N	
PRUDE	IT	
PRUDENT	5L	
PRUNE	VA	
PRY	US	
PSALM	ZK	
PUFF	QD	
PUG	XD	
PULL	ZN	
PULP	OV	
PULSE	4X	
PUMP	99	
PUN	5B	
PUNCH	1C	
PUNK	6P	
PUNT	4Q	
PUP	4A	
PUPPET	UX	
PURE	5F	
PURGE	8B	
PURSE	7B	
PUSH	/Q	
PUSS	43	
PUT	/8	
PUZZLE	0H	
QUACK	TY	
QUAD	P4	
QUAIL	1T	
QUAKE	EC	
QUALM	1F	
QUARRY	4P	
QUART	GE	
QUARTER	LX	
QUARTET	I9	
QUAVER	HF	
QUEER	A2	
QUELL	UG	
QUENCH	NQ	
QUERY	MR	
QUEST	FQ	
QUEUE	GN	
QUID	EA	
QUILL	5W	
QUINCE	3G	
QUIP	PB	
QUIRK	K6	
QUIT	AY	
QUITE	DW	
QUIVER	LS	
QUIZ	07	
QUOTA	0R	
QUOTE	66	
RACE	C5	
RACK	3E	
RAFT	J8	
RAFTER	IQ	
RAGE	KM	
RAGGED	FZ	
RAID	CE	
RAIL		B7
RAIN	OJ	
RAISE	ZV	
RAKE		H/
RAMBLE		KX
RAMP		JP
RANCH		LQ
RANCHER		M0
RANGE	LL	
RANK	UM	
RANT		NN
RAP		OG
RAPID		HL
RAPTURE		G8
RASH		AK
RASP		GU
RAT	08	
RATE	09	
RATION	IA	
RATTLE		C6
RAVE	AI	
RAVEN		GK
RAW	MF	
RAY	64	
RAZE	32	
REACH	JD	
READ	IP	
REALM	LX	
REAM	E0	
REAP		CK
REBATE		76
REBEL	5C	
RECORD	18	
RED		BH
REEF	KW	
REGAL	GZ	
RELENT	UY	
RELIC	WK	
RENDER	BX	
RENT	JV	
REPRINT	EU	
REST	OB	
RETAIN	DH	
RETURN	B8	
REX	BI	
RHINE	CI	
RIB	KP	
RICE	K8	
RICH	MO	
RID	M9	
RIDE	A6	
RIDGE	EB	
RIFT	7Z	
RIG	/X	
RIM	P2	
RIND	TZ	
RING	/6	
RINGLET	2Y	
RINK	/D	
RINSE	FN	
RIOT	ZI	
RIP	/O	
RIPE	0B	
RIPPLE	R9	
RISK	HQ	
RITZ	V6	
RIVAL	Q5	
RIVER	3D	
ROAD	RZ	
ROAM	IX	
ROAR	VD	
ROAST	S8	
ROB	HV	
ROBE	XC	
ROCK	SF	
ROD	FY	
ROLLER	W2	
ROMPER	DZ	
ROOF	1M	
ROOK	KD	
ROOM	FF	
ROOT		EF
ROPE	9F	
ROSE	UB	
ROT	YP	
ROUGE	YD	
ROUGH	2O	
ROUTE	SL	
ROVE	ST	
ROW	XZ	
ROY	MW	
RUB	DT	
RUDE		EY
RUDDER		EP
RUFFLE		DN
RUG	X9	
RUM	GJ	
RUN	G6	
RUNT	OZ	
RUSH	0U	
RUST	VI	
RUSTIC	8E	
RUT	78	
RYE	QK	
SABLE	2H	
SACRED	2A	
SAD	2/	
SADDLE	ZX	
SAFE	XM	
SAG		BC
SAGE	JJ	
SAINT	8P	
SALAD		L6
SALMON		TX
SALT	TF	
SAM		IX
SAME	W5	
SAMPLE		RC
SAND		8D
SANE		XT
SAP	RG	
SASH		VH
SAT		MR
SATIN		ER
SAUCE		2K
SAUNTER		2D
SAVAGE		W2
SAVE	P0	
SAW		H5
SCAB		TR
SCALE		OK
SCALP	28	
SCAMP		NA
SCAMPER		G0
SCAN	3Z	
SCANDAL		JF
SCAR	VV	
SCARAB		LU
SCARCE	VO	
SCARE		K0
SCARF	M1	
SCAT	ZR	
SCATTER		4F
SCENE		WC
SCHEME		4I
SCHOOL		P1
SCOLD		VN
SCOOP		CY
SCOPE	V2	
SCORE	8S	
SCORN		OY
SCOT		Q7
SCOTCH	MQ	
SCOUT	18	
SCOWL		95
SCRAG		J/
SCRAM		I2
SCRAP	I2	
SCRATCH		ZZ
SCRAWL		Z8
SCREAM	SA	
SCREEN		IB
SCREW		IB
SCRIBE	8Z	
SCRIMP		1G
SCRIP		IN
SCROLL		2/
SCRUB		R4
SCRUBBY		27
SCRUPLE		23
SCUM		KF
SEAL		LC
SEARCH		I0
SEAT	RO	
SECRET	W/	
SECT		B0
SECURE	V0	
SEDAN		2Y
SEDATE		2T
SEED	3Q	
SEEK		NY
SEEP		U6
SEGMENT		KJ
SEIZE		2M
SELDOM		8V
SELECT	1E	
SELF		GQ
SELL		K2
SENATE	4L	
SEND		C8
SENSE	Q8	
SENTRY	JR	
SERB		9K
SERMON	YI	
SERPENT		MF
SERUM		3E
SERVANT		UE
SERVE	UV	
SET	Z7	
SETTER		Q0
SEVER		3J
SHABBY		D6
SHACK	XW	
SHAD	1Z	
SHADE	AB	
SHAFT	3I	
SHAG		RK
SHAKE	IU	
SHAKER		LG
SHALLOW		4N
SHAME	VL	
SHANK		HO
SHAPE		HJ
SHARE	Y0	
SHARK		98
SHARP	4W	
SHATTER	Y4	
SHAVE		GX
SHAWL		FW
SHED		0/
SHEEP	X6	
SHEET	S6	
SHELF	QX	
SHELL	AQ	
SHIEK		0G
SHIELD	42	
SHIFT	S6	
SHIM		F4
SHIN		N/
SHINE	90	
SHINGLE		KO
SHIP	TK	
SHIRK		J4
SHIVER	NV	
SHOCK		C9
SHOE	LV	
SHOOT		CC
SHOP	DQ	
SHORE	60	
SHOREHAM	P3	
SHORT		D0
SHORTEST		PT
SHOT		EI
SHOVE		FR
SHOW	B3	
SHOWER		FH
SHRIEK	H8	
SHRILL		ZM
SHRIMP	BF	
SHRUB	EI	
SHUFFLE	D0	
SHUT	A/	
SHY		WJ
SICK	/9	
SIDE	O4	
SIEGE	/B	
SIGH	K8	
SIGHT	LG	
SIGN	N7	
SIGNAL	J0	
SIGNET		B2
SILENT	U3	
SIN	/L	
SINGER	UK	
SINGLE	RW	
SINK	C9	
SIP	/Z	
SIR		QG
SIS		YT
SIT		0C
SIZE		W0
SIZZLE		G4
SKATE	DW	
SKETCH	6A	
SKEW		TL
SKI		0L
SKID	BT	
SKILL		0P
SKIM		TA
SKIN		0W
SKIP		5A
SKIRT		DI
SKULL	4X	
SKY		JR
SLAB	04	
SLACK	DC	
SLAIN		I8
SLAM		RU
SLANG		/B
SLANT	OP	
SLAP		03
SLASH	52	
SLAT	10	
SLATE		1L
SLAVE	WM	
SLED		AA
SLEEK		PI
SLEEP		AY
SLEET	QD	
SLEEVE		FM
SLENDER		QM
SLICE		FD
SLICK	TX	
SLIDE		H9
SLIGHT		7F
SLIM		/L
SLING		DF
SLINK		L/
SLIP	7U	
SLIT	HF	
SLOGAN	Q/	
SLOP	R4	
SLOT		IG
SLOUCH		HB
SLOW		BP
SLUG		ZF
SLUM	0M	
SLUMBER		X2
SLUMP		GC
SLUSH	EQ	
SLY	XG	
SMACK		9R
SMALL	6G	
SMART		7N
SMASH	CA	
SMEAR		JM
SMELL		AR
SMILE		SL
SMITH		YO
SMOCK	86	
SMOKE	CV	
SMOOCH		O4
SMUDGE		3P
SMUG	Z3	
SNACK		M8
SNAG		ZI
SNAIL		EI
SNAKE	YY	
SNAP		N4
SNAPPER		XC
SNATCH		GM
SNEAK	FG	
SNEER		EM
SNEEZE	L4	
SNICKER	ZC	
SNIP		JW
SNOB		HG
SNOOD	8A	
SNOOZE		KV
SNORT		DL
SNOW	1V	
SNUB		PE
SNUFF	GD	
SNUG		WQ
SOAK		E4
SOAP		HZ
SOB		QV
SOBER	YA	
SOCIAL		UN
SOCK	2Q	
SOCKET	40	
SOD		/E
SOFA	F9	
SOFT	E9	
SOIL		NM
SOLD		D/
SOLID		QZ
SOLO		48
SONG		9X
SONNET		5H
SOON		5E
SOOT		/R
SOP		VV
SORE		16
SORRY	K/	
SOUL		KB
SOUP	/T	
SOUR	O9	
SPACE	NI	
SPADE	HY	
SPAN		EL
SPANK	PY	
SPAR		K7
SPARE		S3
SPARK		BX
SPARKLER		OR
SPATTER	T8	
SPAWN	II	
SPEAK	6R	
SPEAKER		3S
SPEAR	IN	
SPECK		30
SPEECH	FT	
SPEED	9H	
SPELL		/Y
SPEND		4A
SPHERE	G8	
SPHINX	K2	
SPICE	I6	
SPIKE		/U
SPILL		50
SPIN	MC	
SPINDLE		5Q
SPINNER		78
SPITE		ED
SPLASH	82	
SPLICE	PE	
SPLINT		F/
SPLIT	ON	
SPLOTCH		V4
SPOIL		UV
SPOKE		UT
SPONGE		5U
SPOOK		R9
SPOON		4R
SPORT		5M
SPOT		/J
SPOUSE		HT
SPOUT		/5
SPRAIN		5Y
SPRAT		55
SPRAY	JZ	
SPREAD		6B
SPREE	QI	
SPRIG		/0
SPRING	9V	
SPRINTER	HM	
SPRITE		NR
SPRUCE		T0
SPRY		JK
SPUD		Y/
SPUN	I6	
SPUNK		6/
SPUR		08
SPURN		3W
SPY	XN	
SQUAB		6E
SQUALL	JA	
SQUARE	KI	
SQUASH		MK
SQUAW		U0
SQUEAK	5P	
SQUEAL		VD
SQUEEZE		66
SQUELCH	PN	
SQUID		6Z
SQUINT		YE
SQUIRM		58
SQUIRT		WU
STAB	AF	
STACK		06
STAFF		7C
STAG		8A
STAGE	48	
STAIN		PM
STAIRCASE	IE	
STAKE	95	
STALE	8J	
STALK		IJ
STAMP		6H
STAND		63
STAR	8J	
STARCH	QP	
STARE	7N	
STARK		O/
STATE	4G	
STAY		T4
STEADY		6V
STEAM	80	
STEED		0Z
STEEL		Y8
STEEP		YC
STEEPLE		ZT
STEER	24	
STEM		XX
STEP		X9
STERN	/I	
STEW		6L
STICK	WX	
STILT	YK	
STIR		6R
STITCH	PI	
STOCK	Y2	
STOLE	3L	
STONE		XI
STOOGE	1J	
STOOL		MY
STOP	UF	
STORK	U6	
STOUT		8F
STOVE		31
STRAIGHT		P8
STRAIN		L1
STRAP	NA	
STRAW		LM
STREAM		60
STREET	ZO	
STRIDE		/2
STRIKE	4C	
STRING		10
STRIP	WA	
STRIPE		GG
STRIVE	RE	
STROKE	37	
STROLL	OE	
STRONG	EI	
STROP		68
STUB		RO
STUD	Z0	
STUMBLE		SR
STUMP		36
STUNG		OC
STUNT	WQ	
STURDY		NH
STUTTER		8I
SUDDEN		80
SUMMER		8C
SURE	X2	
SURF	P5	
SWAB	XP	
SWAG		/O
SWAIN		18
SWARM		1X
SWAY		12
SWEAT	OX	
SWEET		87
SWELL		8L
SWEPT		7W
SWIFT		82
SWILL		9D
SWING		8Y
SWISH		8P
SWITCH		51
SWOON		5K
SWOOP		70
SWORD	90	
SWORE	75	
TAB	0Y	
TABLE		1F
TACK		/D
TACT		1J
TAD		20
TAG		RX
TAINT		UQ
TALE		VR
TALK		0J
TALL		WX
TALON		89
TAM		0N
TAME		9I
TAN		9V
TANDEM		4P
TANK		05
TAP	17	
TAPE		/N
TAR		89
TARDY		8U
TARGET		8R
TART		/4
TARTAR		25
TASK	CH	
TASSEL		3G
TASTE		3I
TAT		3N
TAUT		2I
TAXI		4D
TEA		BK
TEACH		1Q
TEAK		WF
TEAL		YL
TEAR		0E
TEASE		8X
TED	RS	
TELL		0Y
TEMPLE	H2	
TEN		HE
TEND		/H
TENDER	JU	
TENSE		TI
TENT		YW
TERM		2B
TERSE		3V
TEST		33
TEXT	2G	
THANK	TN	
THAT		MC
THATCH		39
THAW		CN
THEFT		PW
THEME		LK
THEN		0U
THENCE		FK
THICK		C4
THIGH	/2	
THIN	3P	
THINE	2L	
THINK		73
THIRD		9F
THIS	1H	
THONG	R6	
THORN		W6
THRALL		2P
THRASH		DB
THREAD	5T	
THREE		86
THRESHER		WN
THREW	H3	
THRICE	6W	
THRIFT		XL
THRIFTY		8N
THRILL		RF
THROB	JB	
THRIVE		IV
THROAT	DJ	
THRONE		SA
THRONG		G2
THROTTLE		TH
THROW	EM	
THRUST		1V
THUD	P8	
THUG	BL	
THUMB		GT
THUMP	2X	
THUNDER	KE	
THWART	/H	
TIDE		7K
TIE		XZ
TIFF		FB
TIGER	Q7	
TIGHT		AF
TILE	80	
TILL	T3	
TILT		DU
TIMBER	MK	
TIME		CG
TIN	HI	
TING		NF
TINGE	E5	
TINK		UB
TINT		AU
TIP	QB	
TIRE		Q3
TITHE		RR
TITLE		QB
TOAD		EB
TOAST	FC	
TOD		MO
TOE		9M
TOG		9A
TOIL	JN	
TOKEN	58	
TOLL	N0	
TOM		EU
TOMB	FJ	
TON	7G	
TONE	45	
TONG	GN	
TONGUE	LE	
TOOL	KL	
TOOT	C4	
TOOTH		8K
TOP		UI
TOPPER	W4	
TORCH	IL	
TORE	QG	
TORT		HR
TOSS		ON
TOT		YD
TOTE		08
TOUCH	VZ	
TOUGH	7K	
TOW		97
TOWN		X6
TOY	YS	
TRACE		SZ
TRACK		SH
TRACT	VF	
TRAGIC		5T
TRAIL		92
TRAIN	O6	
TRAM	AL	
TRAMP	Z6	
TRANCE		Y2
TRAP		DP
TRASH	M5	
TRAVEL	U8	
TRAY	NP	
TREAD	W7	
TREAT	J7	
TREE		5W
TREK		0R
TRENCH		2W
TREND	YW	
TRESS	VR	
TRIAL		NV
TRIBE		N8
TRICK		/T
TRILL		65
TRIM		9/
TRINKET		60
TRIO		6Q
TRIP	WF	
TRIPE		6D
TRIPLE		8E
TRITE		7E
TROD		/W
TROPIC		6U
TROT	Y7	
TROY	ZE	
TRUCE	F2	
TRUDGE		6G
TRUE	9R	
TRUMP	8H	
TRUNK	XE	
TRUST	G4	
TRUTH		V2
TRY	RL	
TUB	34	
TUBE		SO
TUCK		/7
TUFT		6K
TUG		/1
TUMBLE		6Y
TUNNEL	GG	
TURF	3H	
TURK		57
TURRET		50
TURTLE		53
TUSK		81
TUT		IE
TUTOR		4L
TWANG	OM	
TWEAK		44
TWEED		00
TWELVE		5J
TWILL		4T
TWIN		5D
TWINE		4Z
TWIRL		47
TWITCH	0D	
TYPE	KY	
ULTRA	FB	
UNDER	6J	
UNIQUE	4Y	
UNIT	14	
UP	AP	
UPSET	MI	
URBAN	05	
URGE	61	
US	7/	
USE	CP	
VACANT	D8	
VAGUE	EL	
VALET		3H
VALOR	LK	
VALVE		BY
VANDAL		TP
VANISH		PQ
VAPOR		KU
VASE	IF	
VAST	J3	
VAT	A2	
VAULT	F8	
VEAL	/5	
VEIN	7A	
VELVET	GS	
VENT	T6	
VENUS	30	
VERB	NF	
VERGE	D5	
VERSE		WT
VESSEL		O3
VEST	JG	
VET		KZ
VEX	LC	
VICE	XT	
VIEW		H7
VIGIL	NX	
VIM		M9
VINE		J6
VIRTUE	1P	
VOGUE		CV
VOID	0Q	
VOLT	RB	
VOTE	PH	
VOW	2D	
WAD	SC	
WADE		T7
WAFER	W9	
WAG	UI	
WAGE		XP
WAIF		LN
WAIT		00
WAKE		AW
WALK		NC
WALL		3T
WALT	25	
WALTZ		2J
WAND	OF	
WANT	UI	
WAR		2F
WARD		XH
WARN		MP
WARP		WH
WART		KQ
WASH	YM	
WASP	A5	
WATCH	C/	
WATER		BR
WATT		M4
WAVES	P8	
WAX	BC	
WEALTH		QX
WEARY	/W	
WEAVE		AM
WEB		8G
WED		QR
WEDGE		FB
WEED		N2
WEEP		V8
WEIRD	I0	
WELCH	LW	
WELL		EN
WELT	GX	
WENCH	PA	
WEND	TH	
WENT	5J	
WEPT	NS	
WEST	30	
WET		D4
WHALE	Z1	
WHANG	94	
WHARF		HW
WHAT	B5	
WHEAT	IW	
WHEEL		PB
WHELM		H4
WHELP		CZ
WHERE		WY
WHIFF		TM
WHIG		IL
WHIM	YF	
WHINE	RI	
WHIP	Y9	
WHIRL	JY	
WHISK		32
WHISTLER	HB	
WHITE	5Z	
WICK		9Z
WICKED		35
WIDE	L9	
WIELD	WW	
WIFE		V0
WIG		YA
WILD	8V	
WILL	PP	
WILLOW		LY
WIN	SN	
WIND	MP	
WINE		4B
WING	/E	
WINK		P9
WINTER		4V
WIPE		96
WIRE		40
WISE		OP
WISH		5/
WISP	XI	
WIT		DH
WITCH		8S
WITH	Q2	
WOLF		JH
WOOD		/A
WORK		RG
WORLD		PL
WORM		4H
WOW		5G
WRECK		FQ
WRONG	0I	
YACHT	K5	
YALE		IR
YAM		I1
YANK		I8
YANKEE		KD
YAP		JZ
YARN	QM	
YAWN		JT
YEARLY	MB	
YEARN		JL
YEAST	4U	
YELP		HI
YEN		A5
YES	6N	
YET	PU	
YIELD		GW
YOKE	GA	
YOUTH	EP	
YOWL		N4
ZEAL	9S	
ZEST	TQ	
ZINC	AU	
ZIP	C3	
ZIPPER	0X	
ZONE	HL	
ZOO		7R